Account, Status, Transaction Date, Posted Date, Card No., Description, Category, Debit, Credit, Card Title, Check No.
"Checking - 9692",Posted,02/29/2024,02/29/2024,,"ACH Credit  MERCH DEP  DIRECT PAYMENT  CCD  941300000116152",B,,451.00,,
"Checking - 9692",Posted,02/29/2024,02/29/2024,,"ACH Credit  MERCH DEP  DIRECT PAYMENT  CCD  941300000116152",B,,2032.50,,
"Checking - 9692",Posted,02/29/2024,02/29/2024,,"ACH Debit  ZOTA-Direc ZOTA-Direct DPS  CCD  ST-Y7V3U6S3R1O1",B,99.00,,,
"Checking - 9692",Posted,02/29/2024,02/29/2024,,"CHECK              0",B,390.00,,,
"Checking - 9692",Posted,02/29/2024,02/29/2024,,"CHECK              0",B,390.00,,,
"Checking - 9692",Posted,02/29/2024,02/29/2024,,"CHECK              0",B,1050.63,,,
"Checking - 9692",Posted,02/29/2024,02/29/2024,,"CHECK              0",B,1079.16,,,
"Checking - 9692",Posted,02/29/2024,02/29/2024,,"CHECK              0",B,1141.24,,,
"Checking - 9692",Posted,02/29/2024,02/29/2024,,"CHECK              5064",B,390.00,,,5064
"Checking - 9692",Posted,02/29/2024,02/29/2024,,"CHECK              5082",B,1210.60,,,5082
"Checking - 9692",Posted,02/29/2024,02/29/2024,,"CHECK              5087",B,1154.35,,,5087
"Checking - 9692",Posted,02/29/2024,02/29/2024,,"CHECK               5088",B,1241.06,,,5088
"Checking - 9692",Posted,02/29/2024,02/29/2024,,"CHECK              5090",B,1280.21,,,5090
"Checking - 9692",Posted,02/28/2024,02/28/2024,,"ACH Credit  941300000116152  MERCH DEP  DIRECT PAYMENT  CCD",B,,1779.30,,
"Checking - 9692",Posted,02/28/2024,02/28/2024,,"CHECK              3039",B,657.00,,,3039
"Checking - 9692",Posted,02/28/2024,02/28/2024,,"CHECK               5079",B,854.50,,,5079
"Checking - 9692",Posted,02/28/2024,02/28/2024,,"CHECK               5081",B,854.50,,,5081
"Checking - 9692",Posted,02/28/2024,02/28/2024,,"CHECK              5086",B,1123.24,,,5086
"Checking - 9692",Posted,02/27/2024,02/27/2024,,"ACH Credit  941300000116152  MERCH DEP  DIRECT PAYMENT  CCD",B,,329.00,,
"Checking - 9692",Posted,02/27/2024,02/27/2024,,"ACH Credit  941300000116152  MERCH DEP  DIRECT PAYMENT  CCD",B,,2341.35,,
"Checking - 9692",Posted,02/27/2024,02/27/2024,,"CHECK               5092",B,7350.00,,,5092
"Checking - 9692",Posted,02/26/2024,02/26/2024,,"ACH Credit  941300000116152  MERCH DEP  DIRECT PAYMENT  CCD",B,,143.00,,
"Checking - 9692",Posted,02/26/2024,02/26/2024,,"ACH Credit  941300000116152  MERCH DEP  DIRECT PAYMENT  CCD",B,,155.00,,
"Checking - 9692",Posted,02/26/2024,02/26/2024,,"ACH Credit  941300000116152  MERCH DEP  DIRECT PAYMENT  CCD",B,,286.00,,
"Checking - 9692",Posted,02/26/2024,02/26/2024,,"ACH Credit  941300000116152  MERCH DEP  DIRECT PAYMENT  CCD",B,,517.00,,
"Checking - 9692",Posted,02/26/2024,02/26/2024,,"ACH Credit  941300000116152  MERCH DEP  DIRECT PAYMENT  CCD",B,,2504.80,,
"Checking - 9692",Posted,02/26/2024,02/26/2024,,"ACH Credit  941300000116152  MERCH DEP  DIRECT PAYMENT  CCD",B,,4560.40,,
"Checking - 9692",Posted,02/26/2024,02/26/2024,,"ACH Credit  941300000116152  MERCH DEP  DIRECT PAYMENT  CCD",B,,5048.60,,
"Checking - 9692",Posted,02/26/2024,02/26/2024,,"POS Recurring Debit  877-794-2724  NY C#8567  DBT CRD 0219 02/26/24 DBLPEKYQ  OPTIMUM 7705",B,71.91,,,
"Checking - 9692",Posted,02/23/2024,02/23/2024,,"ACH Credit  941300000116152  MERCH DEP  DIRECT PAYMENT  CCD",B,,228.00,,
"Checking - 9692",Posted,02/23/2024,02/23/2024,,"ACH Credit  941300000116152  MERCH DEP  DIRECT PAYMENT  CCD",B,,2241.85,,
"Checking - 9692",Posted,02/23/2024,02/23/2024,,"DEPOSIT",B,,2825.00,,
"Checking - 9692",Posted,02/22/2024,02/22/2024,,"ACH Credit  941300000116152  MERCH DEP  DIRECT PAYMENT  CCD",B,,208.00,,
"Checking - 9692",Posted,02/22/2024,02/22/2024,,"ACH Credit  941300000116152  MERCH DEP  DIRECT PAYMENT  CCD",B,,2383.70,,
"Checking - 9692",Posted,02/22/2024,02/22/2024,,"CHECK              5056",B,838.57,,,5056
"Checking - 9692",Posted,02/22/2024,02/22/2024,,"CHECK              5071",B,1187.48,,,5071
"Checking - 9692",Posted,02/22/2024,02/22/2024,,"CHECK              5078",B,1261.00,,,5078
"Checking - 9692",Posted,02/21/2024,02/21/2024,,"ACH Credit  941300000116152  MERCH DEP  DIRECT PAYMENT  CCD",B,,298.00,,
"Checking - 9692",Posted,02/21/2024,02/21/2024,,"ACH Credit  941300000116152  MERCH DEP  DIRECT PAYMENT  CCD",B,,1323.50,,
"Checking - 9692",Posted,02/21/2024,02/21/2024,,"CHECK              5070",B,966.01,,,5070
"Checking - 9692",Posted,02/21/2024,02/21/2024,,"CHECK              5072",B,1163.38,,,5072
"Checking - 9692",Posted,02/21/2024,02/21/2024,,"CHECK               5076",B,1249.23,,,5076
"Checking - 9692",Posted,02/20/2024,02/20/2024,,"ACH Credit  941300000116152  MERCH DEP  DIRECT PAYMENT  CCD",B,,76.00,,
"Checking - 9692",Posted,02/20/2024,02/20/2024,,"ACH Credit  941300000116152  MERCH DEP  DIRECT PAYMENT  CCD",B,,125.00,,
"Checking - 9692",Posted,02/20/2024,02/20/2024,,"ACH Credit  941300000116152  MERCH DEP  DIRECT PAYMENT  CCD",B,,528.00,,
"Checking - 9692",Posted,02/20/2024,02/20/2024,,"ACH Credit  941300000116152  MERCH DEP  DIRECT PAYMENT  CCD",B,,2370.00,,
"Checking - 9692",Posted,02/20/2024,02/20/2024,,"ACH Credit  941300000116152  MERCH DEP  DIRECT PAYMENT  CCD",B,,3122.50,,
"Checking - 9692",Posted,02/20/2024,02/20/2024,,"ACH Credit  941300000116152  MERCH DEP  DIRECT PAYMENT  CCD",B,,3128.70,,
"Checking - 9692",Posted,02/20/2024,02/20/2024,,"ACH Credit  941300000116152  MERCH DEP  DIRECT PAYMENT  CCD",B,,4382.80,,
"Checking - 9692",Posted,02/20/2024,02/20/2024,,"CHECK              2047",B,1241.50,,,2047
"Checking - 9692",Posted,02/20/2024,02/20/2024,,"CHECK               5069",B,7000.00,,,5069
"Checking - 9692",Posted,02/20/2024,02/20/2024,,"CHECK               5080",B,6500.00,,,5080
"Checking - 9692",Posted,02/16/2024,02/16/2024,,"ACH Credit  941300000116152  MERCH DEP  DIRECT PAYMENT  CCD",B,,54.00,,
"Checking - 9692",Posted,02/16/2024,02/16/2024,,"ACH Credit  941300000116152  MERCH DEP  DIRECT PAYMENT  CCD",B,,2490.40,,
"Checking - 9692",Posted,02/15/2024,02/15/2024,,"ACH Credit  941300000116152  MERCH DEP  DIRECT PAYMENT  CCD",B,,2373.10,,
"Checking - 9692",Posted,02/15/2024,02/15/2024,,"ACH Debit  270444610760353  USATAXPYMT IRS  CCD",B,1170.00,,,
"Checking - 9692",Posted,02/15/2024,02/15/2024,,"CHECK              5061",B,1164.01,,,5061
"Checking - 9692",Posted,02/15/2024,02/15/2024,,"CHECK              5062",B,1074.50,,,5062
"Checking - 9692",Posted,02/14/2024,02/14/2024,,"ACH Credit  941300000116152  MERCH DEP  DIRECT PAYMENT  CCD",B,,2650.70,,
"Checking - 9692",Posted,02/14/2024,02/14/2024,,"CHECK              5057",B,1180.99,,,5057
"Checking - 9692",Posted,02/14/2024,02/14/2024,,"CHECK              5063",B,857.00,,,5063
"Checking - 9692",Posted,02/13/2024,02/13/2024,,"ACH Credit  941300000116152  MERCH DEP  DIRECT PAYMENT  CCD",B,,1953.60,,
"Checking - 9692",Posted,02/13/2024,02/13/2024,,"CHECK               5060",B,1065.40,,,5060
"Checking - 9692",Posted,02/13/2024,02/13/2024,,"CHECK              5065",B,854.50,,,5065
"Checking - 9692",Posted,02/13/2024,02/13/2024,,"CHECK              5066",B,854.50,,,5066
"Checking - 9692",Posted,02/12/2024,02/12/2024,,"ACH Credit  941300000116152  MERCH DEP  DIRECT PAYMENT  CCD",B,,122.00,,
"Checking - 9692",Posted,02/12/2024,02/12/2024,,"ACH Credit  941300000116152  MERCH DEP  DIRECT PAYMENT  CCD",B,,687.00,,
"Checking - 9692",Posted,02/12/2024,02/12/2024,,"ACH Credit  941300000116152  MERCH DEP  DIRECT PAYMENT  CCD",B,,1287.15,,
"Checking - 9692",Posted,02/12/2024,02/12/2024,,"ACH Credit  941300000116152  MERCH DEP  DIRECT PAYMENT  CCD",B,,4213.20,,
"Checking - 9692",Posted,02/12/2024,02/12/2024,,"ACH Credit  941300000116152  MERCH DEP  DIRECT PAYMENT  CCD",B,,4548.35,,
"Checking - 9692",Posted,02/12/2024,02/12/2024,,"ACH Debit  UTIL PAYMT OK NATURAL GAS  PPD",B,208.06,,,
"Checking - 9692",Posted,02/12/2024,02/12/2024,,"ACH Debit  CABLE PMNT OPTIMUM 7705  PPD",B,259.46,,,
"Checking - 9692",Posted,02/12/2024,02/12/2024,,"CHECK               5068",B,4500.00,,,5068
"Checking - 9692",Posted,02/09/2024,02/09/2024,,"ACH Credit  MERCH DEP  DIRECT PAYMENT  CCD  941300000116152",B,,188.00,,
"Checking - 9692",Posted,02/09/2024,02/09/2024,,"ACH Credit  MERCH DEP  DIRECT PAYMENT  CCD  941300000116152",B,,2652.00,,
"Checking - 9692",Posted,02/09/2024,02/09/2024,,"ACH Debit  BILLPAY    STILLWATER UTILI  PPD",B,244.89,,,
"Checking - 9692",Posted,02/09/2024,02/09/2024,,"POS Debit - DDA  POS DEB 1005 02/07/24 10612697  Walmart.com  Walmart.com  Bentonville   AR C#8567",B,267.15,,,
"Checking - 9692",Posted,02/09/2024,02/09/2024,,"POS Pre-Authorized Debit - DDA  DBT CRD 1106 02/07/24 DBUJ7VFY  SAMSCLUB.COM  888-746-7726  AR C#8567",B,32.75,,,
"Checking - 9692",Posted,02/09/2024,02/09/2024,,"CHECK              0",B,390.00,,,
"Checking - 9692",Posted,02/09/2024,02/09/2024,,"CHECK              0",B,390.00,,,
"Checking - 9692",Posted,02/09/2024,02/09/2024,,"CHECK              0",B,390.00,,,
"Checking - 9692",Posted,02/09/2024,02/09/2024,,"CHECK              3052",B,920.00,,,3052
"Checking - 9692",Posted,02/08/2024,02/08/2024,,"ACH Credit  MERCH DEP  DIRECT PAYMENT  CCD  941300000116152",B,,94.50,,
"Checking - 9692",Posted,02/08/2024,02/08/2024,,"ACH Credit  MERCH DEP  DIRECT PAYMENT  CCD  941300000116152",B,,144.00,,
"Checking - 9692",Posted,02/08/2024,02/08/2024,,"ACH Credit  MERCH DEP  DIRECT PAYMENT  CCD  941300000116152",B,,2092.20,,
"Checking - 9692",Posted,02/08/2024,02/08/2024,,"CHECK              3053",B,1353.00,,,3053
"Checking - 9692",Posted,02/08/2024,02/08/2024,,"CHECK              3058",B,1189.00,,,3058
"Checking - 9692",Posted,02/08/2024,02/08/2024,,"CHECK              3059",B,1220.00,,,3059
"Checking - 9692",Posted,02/07/2024,02/07/2024,,"ACH Credit  MERCH DEP  DIRECT PAYMENT  CCD  941300000116152",B,,2177.85,,
"Checking - 9692",Posted,02/07/2024,02/07/2024,,"CHECK              3055",B,1277.00,,,3055
"Checking - 9692",Posted,02/07/2024,02/07/2024,,"CHECK              3057",B,1244.00,,,3057
"Checking - 9692",Posted,02/07/2024,02/07/2024,,"CHECK              3060",B,979.00,,,3060
"Checking - 9692",Posted,02/06/2024,02/06/2024,,"ACH Credit  MERCH DEP  DIRECT PAYMENT  CCD  941300000116152",B,,55.00,,
"Checking - 9692",Posted,02/06/2024,02/06/2024,,"ACH Credit  MERCH DEP  DIRECT PAYMENT  CCD  941300000116152",B,,113.00,,
"Checking - 9692",Posted,02/06/2024,02/06/2024,,"ACH Credit  MERCH DEP  DIRECT PAYMENT  CCD  941300000116152",B,,1391.10,,
"Checking - 9692",Posted,02/06/2024,02/06/2024,,"CHECK              3016",B,768.00,,,3016
"Checking - 9692",Posted,02/06/2024,02/06/2024,,"CHECK              3029",B,938.00,,,3029
"Checking - 9692",Posted,02/05/2024,02/05/2024,,"ACH Credit  MERCH DEP  DIRECT PAYMENT  CCD  941300000116152",B,,60.00,,
"Checking - 9692",Posted,02/05/2024,02/05/2024,,"ACH Credit  MERCH DEP  DIRECT PAYMENT  CCD  941300000116152",B,,156.00,,
"Checking - 9692",Posted,02/05/2024,02/05/2024,,"ACH Credit  MERCH DEP  DIRECT PAYMENT  CCD  941300000116152",B,,216.00,,
"Checking - 9692",Posted,02/05/2024,02/05/2024,,"ACH Credit  MERCH DEP  DIRECT PAYMENT  CCD  941300000116152",B,,622.60,,
"Checking - 9692",Posted,02/05/2024,02/05/2024,,"ACH Credit  MERCH DEP  DIRECT PAYMENT  CCD  941300000116152",B,,2537.25,,
"Checking - 9692",Posted,02/05/2024,02/05/2024,,"ACH Credit  MERCH DEP  DIRECT PAYMENT  CCD  941300000116152",B,,3948.45,,
"Checking - 9692",Posted,02/05/2024,02/05/2024,,"ACH Credit  MERCH DEP  DIRECT PAYMENT  CCD  941300000116152",B,,4834.50,,
"Checking - 9692",Posted,02/05/2024,02/05/2024,,"ACH Debit  CABLE PMNT OPTIMUM 7705  PPD",B,75.00,,,
"Checking - 9692",Posted,02/05/2024,02/05/2024,,"POS Pre-Authorized Debit - DDA  DBT CRD 1319 02/03/24 DBW03JYU  SEARS 8420  LEAWOOD       KS C#8567",B,299.00,,,
"Checking - 9692",Posted,02/05/2024,02/05/2024,,"CHECK              3044",B,1143.00,,,3044
"Checking - 9692",Posted,02/05/2024,02/05/2024,,"CHECK              3056",B,1056.00,,,3056
"Checking - 9692",Posted,02/02/2024,02/02/2024,,"ACH Credit  MERCH DEP  DIRECT PAYMENT  CCD  941300000116152",B,,178.00,,
"Checking - 9692",Posted,02/02/2024,02/02/2024,,"ACH Credit  MERCH DEP  DIRECT PAYMENT  CCD  941300000116152",B,,2969.75,,
"Checking - 9692",Posted,02/02/2024,02/02/2024,,"ACH Debit  BILLPAY    STILLWATER UTILI  PPD",B,243.00,,,
"Checking - 9692",Posted,02/02/2024,02/02/2024,,"ACH Debit  BILLPAY    STILLWATER UTILI  PPD",B,631.17,,,
"Checking - 9692",Posted,02/02/2024,02/02/2024,,"ACH Debit  MTHLY DISC DIRECT PAYMENT  CCD  941300000116152",B,1149.60,,,
"Checking - 9692",Posted,02/02/2024,02/02/2024,,"POS Pre-Authorized Debit - DDA  DBT CRD 0144 02/01/24 DBU1XLZO  PY *LOCKED UP SELF STO  STILLWATER    OK C#8567",B,382.00,,,
"Checking - 9692",Posted,02/02/2024,02/02/2024,,"CHECK               1535",B,5800.00,,,1535
"Checking - 9692",Posted,02/02/2024,02/02/2024,,"CHECK              3028",B,791.00,,,3028
"Checking - 9692",Posted,02/02/2024,02/02/2024,,"CHECK              3043",B,1084.00,,,3043
"Checking - 9692",Posted,02/02/2024,02/02/2024,,"CHECK              3045",B,1225.00,,,3045
"Checking - 9692",Posted,02/02/2024,02/02/2024,,"CHECK              3047",B,992.00,,,3047
"Checking - 9692",Posted,02/02/2024,02/02/2024,,"CHECK              3048",B,854.50,,,3048
"Checking - 9692",Posted,02/02/2024,02/02/2024,,"CHECK              3049",B,854.50,,,3049
"Checking - 9692",Posted,02/02/2024,02/02/2024,,"CHECK              3050",B,854.50,,,3050
"Checking - 9692",Posted,02/02/2024,02/02/2024,,"CHECK              3051",B,854.50,,,3051
"Checking - 9692",Posted,02/01/2024,02/01/2024,,"ACH Credit  MERCH DEP  DIRECT PAYMENT  CCD  941300000116152",B,,2262.55,,
"Checking - 9692",Posted,02/01/2024,02/01/2024,,"POS Pre-Authorized Debit - DDA  DBT CRD 1053 01/31/24 DBDI2AS0  USPS PO 3978100201  STILLWATER    OK C#8567",B,8.97,,,
"Checking - 9692",Posted,02/01/2024,02/01/2024,,"POS Pre-Authorized Debit - DDA  DBT CRD 1701 01/31/24 DBY0ERBT  LEE GLASS & WINDOW  STILLWATER    OK C#8567",B,255.59,,,
"Checking - 9692",Posted,02/01/2024,02/01/2024,,"POS Recurring Debit  DBT CRD 0346 01/31/24 DBR0EI0M  FACEBK LJ79ZXXWD2  MENLO PARK    CA C#8567",B,493.93,,,
"Checking - 9692",Posted,02/01/2024,02/01/2024,,"CHECK              3042",B,1228.00,,,3042
"Checking - 9692",Posted,02/01/2024,02/01/2024,,"CHECK              3046",B,818.00,,,3046
"Checking - 9692",Posted,01/31/2024,01/31/2024,,"ACH Credit  MERCH DEP  DIRECT PAYMENT  CCD  941300000116152",B,,75.00,,
"Checking - 9692",Posted,01/31/2024,01/31/2024,,"ACH Credit  MERCH DEP  DIRECT PAYMENT  CCD  941300000116152",B,,1557.20,,
"Checking - 9692",Posted,01/31/2024,01/31/2024,,"POS Pre-Authorized Debit - DDA  DBT CRD 1541 01/29/24 DBMPUCTF  ACE MART GARLAND 410  972-414-7225  TX C#8567",B,170.82,,,
"Checking - 9692",Posted,01/30/2024,01/30/2024,,"ACH Credit  MERCH DEP  DIRECT PAYMENT  CCD  941300000116152",B,,413.00,,
"Checking - 9692",Posted,01/30/2024,01/30/2024,,"ACH Credit  MERCH DEP  DIRECT PAYMENT  CCD  941300000116152",B,,1610.10,,
"Checking - 9692",Posted,01/30/2024,01/30/2024,,"ACH Debit  USATAXPYMT IRS  CCD  270443030212962",B,126.00,,,
"Checking - 9692",Posted,01/30/2024,01/30/2024,,"POS Pre-Authorized Debit - DDA  DBT CRD 1221 01/29/24 DBFZJJD0  AMAZON.COM*R07KC8B91  AMZN.COM/BILL WA C#8567",B,128.98,,,
"Checking - 9692",Posted,01/29/2024,01/29/2024,,"ACH Credit  MERCH DEP  DIRECT PAYMENT  CCD  941300000116152",B,,17.00,,
"Checking - 9692",Posted,01/29/2024,01/29/2024,,"ACH Credit  MERCH DEP  DIRECT PAYMENT  CCD  941300000116152",B,,40.00,,
"Checking - 9692",Posted,01/29/2024,01/29/2024,,"ACH Credit  MERCH DEP  DIRECT PAYMENT  CCD  941300000116152",B,,708.00,,
"Checking - 9692",Posted,01/29/2024,01/29/2024,,"ACH Credit  MERCH DEP  DIRECT PAYMENT  CCD  941300000116152",B,,1080.40,,
"Checking - 9692",Posted,01/29/2024,01/29/2024,,"ACH Credit  MERCH DEP  DIRECT PAYMENT  CCD  941300000116152",B,,1928.95,,
"Checking - 9692",Posted,01/29/2024,01/29/2024,,"ACH Credit  MERCH DEP  DIRECT PAYMENT  CCD  941300000116152",B,,1954.10,,
"Checking - 9692",Posted,01/29/2024,01/29/2024,,"ACH Credit  MERCH DEP  DIRECT PAYMENT  CCD  941300000116152",B,,4558.85,,
"Checking - 9692",Posted,01/29/2024,01/29/2024,,"ACH Debit  ZOTA-Direc ZOTA-Direct DPS  CCD  ST-F4A4S8U0C1W7",B,99.00,,,
"Checking - 9692",Posted,01/29/2024,01/29/2024,,"POS Debit - DDA  POS DEB 1824 01/26/24 06195181  Walmart.com  Walmart.com  Bentonville   AR C#8567",B,61.80,,,
"Checking - 9692",Posted,01/26/2024,01/26/2024,,"ACH Credit  MERCH DEP  DIRECT PAYMENT  CCD  941300000116152",B,,333.00,,
"Checking - 9692",Posted,01/26/2024,01/26/2024,,"ACH Credit  MERCH DEP  DIRECT PAYMENT  CCD  941300000116152",B,,2242.90,,
"Checking - 9692",Posted,01/26/2024,01/26/2024,,"POS Recurring Debit  DBT CRD 1403 01/26/24 DBZDAKLT  OPTIMUM 7705  877-794-2724  NY C#8567",B,71.91,,,
"Checking - 9692",Posted,01/26/2024,01/26/2024,,"CHECK               1532",B,4620.00,,,1532
"Checking - 9692",Posted,01/25/2024,01/25/2024,,"ACH Credit  941300000116152  MERCH DEP  DIRECT PAYMENT  CCD",B,,91.00,,
"Checking - 9692",Posted,01/25/2024,01/25/2024,,"ACH Credit  941300000116152  MERCH DEP  DIRECT PAYMENT  CCD",B,,1955.15,,
"Checking - 9692",Posted,01/25/2024,01/25/2024,,"CHECK              3035",B,1036.00,,,3035
"Checking - 9692",Posted,01/25/2024,01/25/2024,,"CHECK              3036",B,1087.00,,,3036
"Checking - 9692",Posted,01/24/2024,01/24/2024,,"ACH Credit  MERCH DEP  DIRECT PAYMENT  CCD  941300000116152",B,,295.00,,
"Checking - 9692",Posted,01/24/2024,01/24/2024,,"ACH Credit  MERCH DEP  DIRECT PAYMENT  CCD  941300000116152",B,,2010.10,,
"Checking - 9692",Posted,01/24/2024,01/24/2024,,"ACH Debit  OK TAX PMT OKLAHOMATAXPMTS  CCD  2061241856GNTX",B,486.00,,,
"Checking - 9692",Posted,01/24/2024,01/24/2024,,"CHECK              3030",B,877.00,,,3030
"Checking - 9692",Posted,01/24/2024,01/24/2024,,"CHECK              3032",B,1048.00,,,3032
"Checking - 9692",Posted,01/24/2024,01/24/2024,,"CHECK              3033",B,890.00,,,3033
"Checking - 9692",Posted,01/24/2024,01/24/2024,,"CHECK              3034",B,1063.00,,,3034
"Checking - 9692",Posted,01/24/2024,01/24/2024,,"CHECK              3037",B,878.00,,,3037
"Checking - 9692",Posted,01/24/2024,01/24/2024,,"CHECK              3038",B,1000.00,,,3038
"Checking - 9692",Posted,01/23/2024,01/23/2024,,"ACH Credit  MERCH DEP  DIRECT PAYMENT  CCD  941300000116152",B,,508.00,,
"Checking - 9692",Posted,01/23/2024,01/23/2024,,"CHECK               5047",B,7000.00,,,5047
"Checking - 9692",Posted,01/22/2024,01/22/2024,,"ACH Credit  MERCH DEP  DIRECT PAYMENT  CCD  941300000116152",B,,78.00,,
"Checking - 9692",Posted,01/22/2024,01/22/2024,,"ACH Credit  MERCH DEP  DIRECT PAYMENT  CCD  941300000116152",B,,110.00,,
"Checking - 9692",Posted,01/22/2024,01/22/2024,,"ACH Credit  MERCH DEP  DIRECT PAYMENT  CCD  941300000116152",B,,130.00,,
"Checking - 9692",Posted,01/22/2024,01/22/2024,,"ACH Credit  MERCH DEP  DIRECT PAYMENT  CCD  941300000116152",B,,2235.00,,
"Checking - 9692",Posted,01/22/2024,01/22/2024,,"ACH Credit  MERCH DEP  DIRECT PAYMENT  CCD  941300000116152",B,,3197.65,,
"Checking - 9692",Posted,01/22/2024,01/22/2024,,"ACH Credit  MERCH DEP  DIRECT PAYMENT  CCD  941300000116152",B,,3916.95,,
"Checking - 9692",Posted,01/22/2024,01/22/2024,,"POS Pre-Authorized Debit - DDA  DBT CRD 0011 01/19/24 DB0WT0FP  AMAZON.COM*R06H02C50  AMZN.COM/BILL WA C#8567",B,47.78,,,
"Checking - 9692",Posted,01/22/2024,01/22/2024,,"POS Pre-Authorized Debit - DDA  DBT CRD 1707 01/19/24 DBVXQZSZ  SAMSCLUB.COM  888-746-7726  AR C#8567",B,125.60,,,
"Checking - 9692",Posted,01/19/2024,01/19/2024,,"ACH Credit  MERCH DEP  DIRECT PAYMENT  CCD  941300000116152",B,,2057.30,,
"Checking - 9692",Posted,01/18/2024,01/18/2024,,"ACH Credit  MERCH DEP  DIRECT PAYMENT  CCD  941300000116152",B,,100.00,,
"Checking - 9692",Posted,01/18/2024,01/18/2024,,"ACH Credit  MERCH DEP  DIRECT PAYMENT  CCD  941300000116152",B,,2630.55,,
"Checking - 9692",Posted,01/18/2024,01/18/2024,,"CHECK              0",B,390.00,,,
"Checking - 9692",Posted,01/18/2024,01/18/2024,,"CHECK              0",B,390.00,,,
"Checking - 9692",Posted,01/18/2024,01/18/2024,,"CHECK              0",B,390.00,,,
"Checking - 9692",Posted,01/18/2024,01/18/2024,,"CHECK               1534",B,6400.00,,,1534
"Checking - 9692",Posted,01/18/2024,01/18/2024,,"CHECK              3023",B,880.00,,,3023
"Checking - 9692",Posted,01/18/2024,01/18/2024,,"CHECK              3027",B,980.00,,,3027
"Checking - 9692",Posted,01/17/2024,01/17/2024,,"ACH Credit  MERCH DEP  DIRECT PAYMENT  CCD  941300000116152",B,,1894.20,,
"Checking - 9692",Posted,01/17/2024,01/17/2024,,"CHECK              3015",B,590.00,,,3015
"Checking - 9692",Posted,01/17/2024,01/17/2024,,"CHECK              3017",B,645.00,,,3017
"Checking - 9692",Posted,01/17/2024,01/17/2024,,"CHECK              3019",B,622.00,,,3019
"Checking - 9692",Posted,01/17/2024,01/17/2024,,"CHECK              3020",B,798.00,,,3020
"Checking - 9692",Posted,01/17/2024,01/17/2024,,"CHECK              3022",B,746.00,,,3022
"Checking - 9692",Posted,01/17/2024,01/17/2024,,"CHECK              3024",B,666.00,,,3024
"Checking - 9692",Posted,01/16/2024,01/16/2024,,"ACH Credit  MERCH DEP  DIRECT PAYMENT  CCD  941300000116152",B,,48.00,,
"Checking - 9692",Posted,01/16/2024,01/16/2024,,"ACH Credit  MERCH DEP  DIRECT PAYMENT  CCD  941300000116152",B,,80.00,,
"Checking - 9692",Posted,01/16/2024,01/16/2024,,"ACH Credit  MERCH DEP  DIRECT PAYMENT  CCD  941300000116152",B,,1265.50,,
"Checking - 9692",Posted,01/16/2024,01/16/2024,,"ACH Credit  MERCH DEP  DIRECT PAYMENT  CCD  941300000116152",B,,2486.60,,
"Checking - 9692",Posted,01/16/2024,01/16/2024,,"ACH Credit  MERCH DEP  DIRECT PAYMENT  CCD  941300000116152",B,,3275.70,,
"Checking - 9692",Posted,01/16/2024,01/16/2024,,"ACH Debit  USATAXPYMT IRS  CCD  270441610976362",B,1170.00,,,
"Checking - 9692",Posted,01/16/2024,01/16/2024,,"CHECK              3014",B,364.00,,,3014
"Checking - 9692",Posted,01/16/2024,01/16/2024,,"CHECK              3021",B,611.00,,,3021
"Checking - 9692",Posted,01/16/2024,01/16/2024,,"CHECK              3026",B,1000.00,,,3026
"Checking - 9692",Posted,01/12/2024,01/12/2024,,"ACH Credit  MERCH DEP  DIRECT PAYMENT  CCD  941300000116152",B,,601.00,,
"Checking - 9692",Posted,01/12/2024,01/12/2024,,"ACH Credit  MERCH DEP  DIRECT PAYMENT  CCD  941300000116152",B,,2151.20,,
"Checking - 9692",Posted,01/12/2024,01/12/2024,,"ACH Debit  UTIL PAYMT OK NATURAL GAS  PPD",B,99.55,,,
"Checking - 9692",Posted,01/12/2024,01/12/2024,,"CHECK              0",B,877.00,,,
"Checking - 9692",Posted,01/12/2024,01/12/2024,,"CHECK              1520",B,1065.00,,,1520
"Checking - 9692",Posted,01/12/2024,01/12/2024,,"CHECK              3001",B,952.00,,,3001
"Checking - 9692",Posted,01/11/2024,01/11/2024,,"ACH Credit  MERCH DEP  DIRECT PAYMENT  CCD  941300000116152",B,,120.00,,
"Checking - 9692",Posted,01/11/2024,01/11/2024,,"ACH Credit  MERCH DEP  DIRECT PAYMENT  CCD  941300000116152",B,,1317.25,,
"Checking - 9692",Posted,01/11/2024,01/11/2024,,"ACH Debit  CABLE PMNT OPTIMUM 7705  PPD",B,259.46,,,
"Checking - 9692",Posted,01/11/2024,01/11/2024,,"CHECK              1543",B,945.00,,,1543
"Checking - 9692",Posted,01/11/2024,01/11/2024,,"CHECK              3002",B,816.00,,,3002
"Checking - 9692",Posted,01/11/2024,01/11/2024,,"CHECK              3009",B,958.00,,,3009
"Checking - 9692",Posted,01/11/2024,01/11/2024,,"CHECK              3010",B,826.00,,,3010
"Checking - 9692",Posted,01/10/2024,01/10/2024,,"ACH Credit  MERCH DEP  DIRECT PAYMENT  CCD  941300000116152",B,,907.80,,
"Checking - 9692",Posted,01/10/2024,01/10/2024,,"CHECK              3000",B,619.00,,,3000
"Checking - 9692",Posted,01/10/2024,01/10/2024,,"CHECK              3005",B,615.00,,,3005
"Checking - 9692",Posted,01/10/2024,01/10/2024,,"CHECK              3006",B,1051.00,,,3006
"Checking - 9692",Posted,01/10/2024,01/10/2024,,"CHECK               3008",B,936.00,,,3008
"Checking - 9692",Posted,01/10/2024,01/10/2024,,"CHECK              3011",B,861.00,,,3011
"Checking - 9692",Posted,01/10/2024,01/10/2024,,"CHECK              3013",B,312.00,,,3013
"Checking - 9692",Posted,01/09/2024,01/09/2024,,"ACH Credit  MERCH DEP  DIRECT PAYMENT  CCD  941300000116152",B,,38.00,,
"Checking - 9692",Posted,01/09/2024,01/09/2024,,"ACH Credit  MERCH DEP  DIRECT PAYMENT  CCD  941300000116152",B,,565.60,,
"Checking - 9692",Posted,01/09/2024,01/09/2024,,"ACH Credit  MERCH DEP  DIRECT PAYMENT  CCD  941300000116152",B,,571.00,,
"Checking - 9692",Posted,01/09/2024,01/09/2024,,"ACH Debit  BILLPAY    STILLWATER UTILI  PPD",B,250.48,,,
"Checking - 9692",Posted,01/09/2024,01/09/2024,,"CHECK              3007",B,837.00,,,3007
"Checking - 9692",Posted,01/09/2024,01/09/2024,,"CHECK              3012",B,1000.01,,,3012
"Checking - 9692",Posted,01/08/2024,01/08/2024,,"ACH Credit  MERCH DEP  DIRECT PAYMENT  CCD  941300000116152",B,,491.00,,
"Checking - 9692",Posted,01/08/2024,01/08/2024,,"ACH Credit  MERCH DEP  DIRECT PAYMENT  CCD  941300000116152",B,,1782.95,,
"Checking - 9692",Posted,01/08/2024,01/08/2024,,"ACH Credit  MERCH DEP  DIRECT PAYMENT  CCD  941300000116152",B,,2640.85,,
"Checking - 9692",Posted,01/08/2024,01/08/2024,,"ACH Credit  MERCH DEP  DIRECT PAYMENT  CCD  941300000116152",B,,3205.85,,
"Checking - 9692",Posted,01/05/2024,01/05/2024,,"ACH Credit  MERCH DEP  DIRECT PAYMENT  CCD  941300000116152",B,,93.00,,
"Checking - 9692",Posted,01/05/2024,01/05/2024,,"ACH Credit  MERCH DEP  DIRECT PAYMENT  CCD  941300000116152",B,,151.00,,
"Checking - 9692",Posted,01/05/2024,01/05/2024,,"ACH Credit  MERCH DEP  DIRECT PAYMENT  CCD  941300000116152",B,,2023.95,,
"Checking - 9692",Posted,01/05/2024,01/05/2024,,"POS Pre-Authorized Debit - DDA  DBT CRD 1239 01/04/24 DBFSX1JC  LOWES #00907*  866-483-7521  NC C#8567",B,31.69,,,
"Checking - 9692",Posted,01/05/2024,01/05/2024,,"CHECK              1539",B,646.00,,,1539
"Checking - 9692",Posted,01/05/2024,01/05/2024,,"CHECK              1540",B,852.00,,,1540
"Checking - 9692",Posted,01/05/2024,01/05/2024,,"CHECK              1546",B,585.00,,,1546
"Checking - 9692",Posted,01/05/2024,01/05/2024,,"CHECK              1548",B,699.00,,,1548
"Checking - 9692",Posted,01/05/2024,01/05/2024,,"Service Charge",B,0.60,,,
"Checking - 9692",Posted,01/05/2024,01/05/2024,,"Debit Fee in Service Charge",I,0.60,,,
"Checking - 9692",Posted,01/04/2024,01/04/2024,,"ACH Credit  MERCH DEP  DIRECT PAYMENT  CCD  941300000116152",B,,1703.85,,
"Checking - 9692",Posted,01/04/2024,01/04/2024,,"CHECK              0",B,906.00,,,
"Checking - 9692",Posted,01/04/2024,01/04/2024,,"CHECK              1506",B,500.00,,,1506
"Checking - 9692",Posted,01/04/2024,01/04/2024,,"CHECK              1537",B,814.00,,,1537
"Checking - 9692",Posted,01/04/2024,01/04/2024,,"CHECK              1542",B,700.00,,,1542
"Checking - 9692",Posted,01/04/2024,01/04/2024,,"CHECK              1545",B,963.00,,,1545
"Checking - 9692",Posted,01/04/2024,01/04/2024,,"CHECK               2046",B,6200.00,,,2046
"Checking - 9692",Posted,01/03/2024,01/03/2024,,"ACH Credit  MERCH DEP  DIRECT PAYMENT  CCD  941300000116152",B,,3161.05,,
"Checking - 9692",Posted,01/03/2024,01/03/2024,,"ACH Debit  CABLE PMNT OPTIMUM 7705  PPD",B,75.00,,,
"Checking - 9692",Posted,01/03/2024,01/03/2024,,"CHECK              1525",B,1020.00,,,1525
"Checking - 9692",Posted,01/03/2024,01/03/2024,,"CHECK              1549",B,854.50,,,1549
"Checking - 9692",Posted,01/03/2024,01/03/2024,,"CHECK              1551",B,854.50,,,1551
"Checking - 9692",Posted,01/02/2024,01/02/2024,,"ACH Credit  941300000116152  MERCH DEP  DIRECT PAYMENT  CCD",B,,86.00,,
"Checking - 9692",Posted,01/02/2024,01/02/2024,,"ACH Credit  941300000116152  MERCH DEP  DIRECT PAYMENT  CCD",B,,88.00,,
"Checking - 9692",Posted,01/02/2024,01/02/2024,,"ACH Credit  941300000116152  MERCH DEP  DIRECT PAYMENT  CCD",B,,146.00,,
"Checking - 9692",Posted,01/02/2024,01/02/2024,,"ACH Credit  941300000116152  MERCH DEP  DIRECT PAYMENT  CCD",B,,1571.25,,
"Checking - 9692",Posted,01/02/2024,01/02/2024,,"ACH Credit  941300000116152  MERCH DEP  DIRECT PAYMENT  CCD",B,,3241.45,,
"Checking - 9692",Posted,01/02/2024,01/02/2024,,"ACH Credit  941300000116152  MERCH DEP  DIRECT PAYMENT  CCD",B,,3785.50,,
"Checking - 9692",Posted,01/02/2024,01/02/2024,,"ACH Debit  BILLPAY    STILLWATER UTILI  PPD",B,200.78,,,
"Checking - 9692",Posted,01/02/2024,01/02/2024,,"ACH Debit  BILLPAY    STILLWATER UTILI  PPD",B,658.73,,,
"Checking - 9692",Posted,01/02/2024,01/02/2024,,"ACH Debit  941300000116152  MTHLY DISC DIRECT PAYMENT  CCD",B,1358.16,,,
"Checking - 9692",Posted,01/02/2024,01/02/2024,,"POS Pre-Authorized Debit - DDA  DBT CRD 0136 01/01/24 DBA2XWEN  PY *LOCKED UP SELF STO  STILLWATER    OK C#8567",B,382.00,,,
"Checking - 9692",Posted,01/02/2024,01/02/2024,,"POS Recurring Debit  DBT CRD 1449 12/31/23 DBGKZPUN  FACEBK 6VW9YWXWD2  MENLO PARK    CA C#8567",B,14.19,,,
"Checking - 9692",Posted,01/02/2024,01/02/2024,,"POS Recurring Debit  DBT CRD 1038 01/01/24 DBO9HJZU  GOOGLE ADS7683985431  MOUNTAIN VIEW CA C#8567",B,259.73,,,
"Checking - 9692",Posted,01/02/2024,01/02/2024,,"CHECK              1499",B,1024.00,,,1499
"Checking - 9692",Posted,01/02/2024,01/02/2024,,"CHECK              1512",B,1048.00,,,1512
"Checking - 9692",Posted,01/02/2024,01/02/2024,,"CHECK              1544",B,846.00,,,1544
"Checking - 9692",Posted,01/02/2024,01/02/2024,,"CHECK              1550",B,854.50,,,1550
"Checking - 9692",Posted,01/02/2024,01/02/2024,,"CHECK              1552",B,854.50,,,1552
"Checking - 9692",Posted,01/02/2024,01/02/2024,,"CHECK              2045",B,815.00,,,2045
